<?xml version="1.0" encoding="UTF-8"?>
<project-private xmlns="http://www.netbeans.org/ns/project-private/1">
    <editor-bookmarks xmlns="http://www.netbeans.org/ns/editor-bookmarks/2" lastBookmarkId="0"/>
    <open-files xmlns="http://www.netbeans.org/ns/projectui-open-files/2">
        <group>
            <file>file:/C:/Users/f/OneDrive%20-%20IMAM%20ABDULRAHMAN%20BIN%20FAISAL%20UNIVERSITY/Desktop/Airlines%20flight%20system/SkyWings-G6-T5/src/Admin/Admin_ubdateF.java</file>
            <file>file:/C:/Users/f/OneDrive%20-%20IMAM%20ABDULRAHMAN%20BIN%20FAISAL%20UNIVERSITY/Desktop/Airlines%20flight%20system/SkyWings-G6-T5/src/Admin/Admin_Page.java</file>
            <file>file:/C:/Users/f/OneDrive%20-%20IMAM%20ABDULRAHMAN%20BIN%20FAISAL%20UNIVERSITY/Desktop/Airlines%20flight%20system/SkyWings-G6-T5/src/Admin/Admin_viewF.java</file>
        </group>
    </open-files>
</project-private>
